preferred_playing_style,time_to_click,time_to_fall
GAMEPAD,3.0500588235294117,7.0306663383408
MOUSE_AND_KEYBOARD,2.343345528455286,6.8665960053534
PHONE,2.3525,6.8717432178067
GAMEPAD,2.86075,6.484290625408
MOUSE_AND_KEYBOARD,2.264319672131148,7.7212076206004
PHONE,2.8276,6.8284944561489
GAMEPAD,2.3720000000000003,7.4609980641098
MOUSE_AND_KEYBOARD,2.3320343347639487,7.2561708724341
PHONE,2.3165,7.2209565325801
GAMEPAD,2.5243888888888892,7.44081881063
MOUSE_AND_KEYBOARD,2.2164031007751923,7.5281076696812
PHONE,2.466,6.8901850611482
GAMEPAD,2.742,7.2654910292057
MOUSE_AND_KEYBOARD,2.3193109243697485,6.4679661905511
PHONE,1.281,7.516408310161
GAMEPAD,2.7189444444444444,6.4397097259139
MOUSE_AND_KEYBOARD,2.350241245136187,6.11382726244
PHONE,2.593,7.3925065225189
GAMEPAD,2.5379333333333336,5.773213531099
MOUSE_AND_KEYBOARD,2.2355111940298507,7.6204900002576
PHONE,2.3142500000000004,7.5750835935767
GAMEPAD,2.5355,7.8661132363697
MOUSE_AND_KEYBOARD,2.2178283828382828,7.5872083246193
PHONE,2.9403333333333332,7.1872395735224
GAMEPAD,2.722923076923077,7.1144506042406
MOUSE_AND_KEYBOARD,2.2133428571428584,7.194287767386
PHONE,2.2768333333333333,7.7094740169391
GAMEPAD,3.2905333333333333,6.3338274028367
MOUSE_AND_KEYBOARD,2.3620257352941167,6.7961567474726
PHONE,2.982,6.7498322348884
GAMEPAD,3.0194375000000004,7.0406910204276
MOUSE_AND_KEYBOARD,2.274050980392156,7.0093946973566
PHONE,2.782666666666666,7.6762325203548
GAMEPAD,2.8897999999999997,7.5456817264735
MOUSE_AND_KEYBOARD,2.312139442231076,7.6076123033322
PHONE,1.833,6.8953386230187
GAMEPAD,2.448,7.008849947351
MOUSE_AND_KEYBOARD,2.2245378486055793,7.198515323031
PHONE,2.7198,6.8668357753593
GAMEPAD,2.470799999999999,7.4628290174892
MOUSE_AND_KEYBOARD,2.164805243445694,6.433532500804
GAMEPAD,2.7934736842105257,6.2048835514717
MOUSE_AND_KEYBOARD,2.142306122448978,7.3996074475459
PHONE,2.4044,7.1085171608467
GAMEPAD,2.5010000000000003,7.8835336970182
MOUSE_AND_KEYBOARD,2.258575107296138,7.3949018105059
PHONE,2.553,7.8264385424213
GAMEPAD,2.689294117647059,6.2322447842999
MOUSE_AND_KEYBOARD,2.1343617886178867,7.2065370248931
PHONE,2.5505,6.8171464248248
GAMEPAD,2.5299166666666664,7.825732445002
MOUSE_AND_KEYBOARD,2.201098484848484,6.6977428844906
PHONE,2.8136666666666663,7.797754939593
GAMEPAD,2.5256875,5.9107757635041
MOUSE_AND_KEYBOARD,2.2627309090909105,7.2390589945794
PHONE,2.2016666666666667,7.0727296434857
GAMEPAD,2.464384615384616,6.0189214707787
MOUSE_AND_KEYBOARD,2.211373913043477,7.3175577291636
PHONE,2.2359999999999998,7.1664381702322
GAMEPAD,2.2242941176470583,6.2575177323568
MOUSE_AND_KEYBOARD,2.1837622377622394,6.5061848622822
PHONE,2.625,7.8859092810551
GAMEPAD,2.4702142857142855,7.3395483747133
MOUSE_AND_KEYBOARD,2.1654873646209385,6.600710710504
PHONE,2.9498,7.6951322217248
GAMEPAD,2.9381250000000003,7.2078285240693
MOUSE_AND_KEYBOARD,2.157493877551019,6.2422007654277
PHONE,2.89675,7.1787083110711
GAMEPAD,2.625578947368421,7.6692528986496
MOUSE_AND_KEYBOARD,2.2108091286307054,6.891427510655
PHONE,2.42,7.258125706649
GAMEPAD,2.34665,7.8703228551187
MOUSE_AND_KEYBOARD,2.1383413654618457,7.1503468918385
PHONE,3.081,6.8147154633238
GAMEPAD,2.3143157894736848,7.8599352621546
MOUSE_AND_KEYBOARD,2.2018,7.0267572747753
PHONE,2.4598,7.2235949599271
GAMEPAD,2.811785714285714,6.7838167361844
MOUSE_AND_KEYBOARD,2.147048689138578,7.2834068705864
PHONE,2.1405,7.3072487913018
GAMEPAD,2.359111111111111,6.6366742950294
MOUSE_AND_KEYBOARD,2.218176691729323,7.854284846898
PHONE,2.881,7.1441781268323
GAMEPAD,2.806695652173913,6.6262038915955
MOUSE_AND_KEYBOARD,2.2264169611307403,5.9770131676545
PHONE,1.548,7.7433107193072
GAMEPAD,2.279533333333333,7.1213732107586
MOUSE_AND_KEYBOARD,2.2102365145228213,7.3131344646622
PHONE,2.906333333333334,6.9901134209705
GAMEPAD,2.6980000000000004,7.3800482315535
MOUSE_AND_KEYBOARD,2.2069126984126983,7.4720910414259
PHONE,3.0302,7.0325230332586
GAMEPAD,2.820470588235294,7.6525199143252
MOUSE_AND_KEYBOARD,2.094850364963504,7.4810150890567
PHONE,2.6553333333333335,7.4473505220324
GAMEPAD,2.708,6.3829816287298
MOUSE_AND_KEYBOARD,2.2179117647058826,6.9139384648904
PHONE,2.8905000000000003,7.7249412817872
GAMEPAD,2.43865,6.7772417853271
MOUSE_AND_KEYBOARD,2.095574074074074,7.1981635636314
PHONE,3.225,7.2809867781021
GAMEPAD,2.685,7.206628549656
MOUSE_AND_KEYBOARD,2.1481220472440947,7.2339448015162
PHONE,2.4025,7.007374650017
GAMEPAD,2.376375,5.2549452827418
MOUSE_AND_KEYBOARD,2.198832236842106,7.0546838427552
PHONE,2.2399999999999998,7.5009122466597
GAMEPAD,2.4304583333333336,7.2617421787901
MOUSE_AND_KEYBOARD,2.236334710743803,6.9266906372737
PHONE,3.8256666666666668,7.6418369897727
GAMEPAD,2.6573125,7.1553729471486
MOUSE_AND_KEYBOARD,2.1584007782101167,7.2638723932873
PHONE,1.9874999999999998,7.4489326327563
GAMEPAD,2.3933684210526316,7.2991396448345
MOUSE_AND_KEYBOARD,2.1841886120996445,7.5032990908463
PHONE,2.427,7.4821095411365
GAMEPAD,2.5010499999999993,7.7956346465017
MOUSE_AND_KEYBOARD,2.1810106007067134,7.2274982589756
PHONE,2.5820000000000003,7.0078331814188
GAMEPAD,2.049230769230769,7.2280875306695
MOUSE_AND_KEYBOARD,2.210415441176469,6.3621645249934
GAMEPAD,2.8465,7.0632055155196
MOUSE_AND_KEYBOARD,2.1400969162995587,7.5339623801897
PHONE,1.9095,7.3217362552961
GAMEPAD,2.4061333333333335,7.2469391022207
MOUSE_AND_KEYBOARD,2.0187555555555576,7.4054568777454
PHONE,2.309,6.4415380184547
GAMEPAD,2.4749999999999996,7.4514720083577
MOUSE_AND_KEYBOARD,2.1773408239700376,7.7770651957797
PHONE,2.9146666666666667,7.1821403838257
GAMEPAD,2.615357142857143,6.1576471802882
MOUSE_AND_KEYBOARD,2.1388611111111104,7.0377275993436
PHONE,2.3265000000000002,6.6537585532587
GAMEPAD,2.5513461538461533,7.8735385102865
MOUSE_AND_KEYBOARD,2.174260330578512,6.7521099710425
PHONE,2.4472,7.3936549398809
GAMEPAD,2.4864117647058817,6.6845599421064
MOUSE_AND_KEYBOARD,2.177294605809128,7.4446307867569
PHONE,2.189666666666667,7.6663242006571
GAMEPAD,2.731,6.1866885891211
MOUSE_AND_KEYBOARD,2.088204,7.3701124920568
PHONE,2.515,6.8739987954157
GAMEPAD,2.4783636363636363,7.3223190434557
MOUSE_AND_KEYBOARD,2.0806297577854656,5.8453837669965
PHONE,2.2818,7.2653260849318
GAMEPAD,2.3595833333333336,6.5209287879195
MOUSE_AND_KEYBOARD,2.15753237410072,7.3996891821087
PHONE,5.568,7.0116900736981
GAMEPAD,2.426,7.1641754577379
MOUSE_AND_KEYBOARD,2.2029073359073337,7.041348175925
PHONE,2.4026,6.9123989735896
